,Proactive starting time,Isolation Scale up Start Time,Hygiene program start time,Vaccination Program Start time,Fraction of additional personnel as proactiveness,Fraction of Additional capacity as proactiveness,Average Staff commisioning time,Facility commisioning time,Vaccination rollout Rate,Media outreach Rollout,Reported Cases,Deceased population,Culmulative Project Costs
0,341.0453156402216,364.99587103025095,236.75015270039964,10.002423379521746,0.45382345214132874,0.8486985518621349,103.7257917977206,358.67420537327894,1.9601002112221586,1.0982809657103947,2.2338507175445557,49733.203125,98404584.0
1,309.4088645036462,364.99677969730465,207.12302843014163,10.006440961264179,0.4758742637667381,0.7869192158410627,255.55830557160505,333.2811993442911,1.997646529834678,1.4049318111868505,2.3592774868011475,49716.15625,98305904.0
